кто это?-грозно вопрошает муж. что отвечает жена?;родственник;коллега;твой сын;домовой;кошка;откуда я знаю?
я сам от себя этого не ожидал,- говорит спортсмен. что он сделал?;поставил рекорд;победил;упал;прыгнул;забил мяч;ударил судью
c какой птицей часто сравнивают человека?;дятел;орел;гусь;ворона;индюк;петух
c чем пьют чай?;сахар;варенье;лимон;конфеты;печенье;мед
автомобиль проехал несколько перекрестков на красный свет. почему?;пьяный;нет тормозов;дальтоник;спешит;скорая помощь;увлекся
без какой фамилии невозможно представить отечественную рок-музыку?;макаревич;гребенщиков;шевчук;цой;кинчев;градский
без чего не имеет смысла строить дачу?;деньги;машина;участок;стройматериалы;желание;баня
без чего не обойтись на конной прогулке?;лошадь;седло;хлыст;уздечка;стек;сапоги
без чего нельзя представить деревенскую избу?;печь;сени;крыльцо;икона;кошка;самогон. аппарат
без чего нельзя представить шикарную дачу?;бассейн;камин;баня;забор;охрана;лифт
в какой день недели особенно не хочется работать?;понедельник;пятница;любой;суббота;выходной;воскресенье
в какой игре не нужен мяч?;шахматы;карты;шашки;домино;хоккей;прятки
в какой магазин люди ходят очень редко?;мебельный;дорогой;сексшоп;торт;зоомагазин;ювелирный
в какой стране жил старик хоттабыч?;индия;ссср;сказочная;восток;иран;персия
в какой стране пьют много пива?;германия;россия;чехия;голландия;бельгия;америка
в каком виде спорта нужен хороший слух?;плавание;фигурное катание;гимнастика;охота на лис;бег;футбол
в какую игру вы играете в семейном кругу?;карты;лото;шахматы;шашки;ассоциации;домино
в кого влюбляются десятиклассницы?;учителей;актеров;одноклассников;певцов;ди каприо;банкиров
вам нужно срочно разгрузить машину. а что в ней?;мебель;кирпич;продукты;ящики;навоз;стройматериалы
ваш любимый спиртной напиток?;водка;шампанское;ликер;коньяк;пиво;джин-тоник
ваша любимая спортивная игра?;футбол;теннис;волейбол;хоккей;баскетбол;бадминтон
величайший композитор всех времен и народов?;чайковский;моцарт;бах;бетховен;маккартни;верди
вечером вся семья собирается в одной комнате, для чего?;смотреть телевизор;ужинать;для разговора;на семейный совет;играть в лото;делить зарплату
вид спорта, в котором нужно иметь большой вес?;сумо;тяжелая атлетика;борьба;метание молота;бокс;перетягивание каната
вы каждый день встречаете этого человека. кто он?;сосед;муж;жена;начальник;коллега;родители
вы позвонили в справочную. что вы хотите узнать?;номер телефона;время;адрес;расписание;курс;ничего
вы увидели по телевизору бывшего одноклассника. кем он стал?;диктор;спортсмен;журналист;космонавт;депутат;артист
где говорят правду?;суд;нигде;исповедь;школа;кухня;загс
где есть клавиатура?;компьютер;пианино;рояль;пишущая машинка;баян;гармонь
где не обойтись без вездехода?;тайга;тундра;болото;лунеа;сибирь;деревня
где размещают объявления?;газета;столб;забор;доска;интернет;стена
где чаще всего люди толкаются?;транспорт;метро;очередь;троллейбус;рынок;автобусе
главная достопримечательность австралии?;кенгуру;аборигены;коалы;кролики;страусы;утконос
голый среди одетых. кто он?;нудист;сумашедший;стриптизер;король;натурщик;манекен
горожанин переехал жить в деревню. в чем причина?;свежий воздух;наследство;нет денег;старость;тишина;скрывается
два человека тащут тяжелую коробку. что в ней?;телевизор;холодильник;доллары;подарок;ксерокс;еда
девушка неожиданно отменяет свидание. в чем причина?;заболела;передумала;разлюбила;мама не пустила;другое свидание;опоздавший
для какой работы мужчине нужна красивая фигура?;модель;стриптизер;танцовщик;актер;гимнаст;военный
до чего хочет дотянуться человек маленького роста?;полка;выключатель;вешалка;лампочка;звонок;турник
"женщина говорит:""без него я на пикник не поеду."" без чего?";мужчина;зонтик;автомобиль;шашлык;крем;купальник
"женщина говорит:""мне так и не удалось с ним справиться"". что она имеет в виду?";мужчина/муж;ребенок;задание;насильник;лишний вес;пятно
"женщина стоит среди разбросанных вещей и кричит:""я все равно тебя найду!"". что она ищет?";кошелек;бюстгалтер;косметику;мужа;зеркало;ребенка
женщины какой страны наиболее привлекательны?;россия;франция;япония;италия;польша;филиппины
за чем можно ухаживать?;цветы;прическа;лицо;кожа;огород;руки
за что наказывают семилетнего ребенка?;вранье;плохие отметки;курение;непослушание;грубость;драка
"знаменитая фамилия с окончанием на ""ский""?";чайковский;жириновский;достоевский;маяковский;ленский;дзержинский
из чего гонят самый вкусный самогон?;свекла;сахар;зерно;варенье;виноград;брага
из чего делают ложки?;серебро;дерево;алюминий;мельхиор;нержавейка;олово
из чего делают пиво?;хмель;солод;дрожжи;вода;ячмень;пена
из чего делают пюре?;картофель;яблоки;овощи;морковь;горох;фрукты
к какому блюду подают хрен?;холодец;мясо;заливное;поросенок;сосиски;рыба
"к какому слову подходит слово ""богатый""?";человек;стол;жених;интерьер;выбор;урожай
"к какому слову подходит эпитет ""новый""?";русский;год;знакомый;фильм;любовник;автомобиль
"к какому слову прибавляют приставку ""сверх""?";человек;звуковой;естественый;секретно;проводимость;держава
к чему готовятся по ночам?;экзамен;сон;свидание;ограбленик;побег;бой
"к чему подходит эпитет ""великий""?";петр;комбинатор;новгород;человек;перелом;писатель
"к чему подходит эпитет ""смешной""?";клоун;случай;фильм;человек;анекдот;рассказ
как вы думаете, немезида богиня чего?;возмездия;не знаю;правосудия;искусства;наказания;справедливости
как вы думаете, что коллекционировал наполеон?;победы;женщин;оружие;солдатиков;ордена;треуголки
"как закончить фразу:""я наконец-то научился...""?";читать;плавать;думать;танцевать;водить авто;жить
как звали одну очень известную принцессу?;диана;турандот;на горошине;золушка;несмеяна;цирка
как звали очень известную старуху?;изергиль;яга;шапокляк;процентщица;пельтцер;каплан
как можно выполнить работу?;быстро;хорошо;плохо;спустя рукава;качественно;неспеша
как называется старый радиоприемник?;спидола;маяк;вэф;не знаю;рекорд;ригонда
как называется суперсовременный музыкальный стиль?;рэп;транс;рэйв;поп;продиджи;техно
как называют священнослужителя?;батюшка;поп;пастор;епископ;отец;падре
как называют человека который лечит?;врач;доктор;лекарь;экстрасенс;знахарь;шаман
"как продолжить:""нет, дорогая. полки я повесить не могу, потому что у меня нет...""?";гвоздей;молотка;дрели;желания;полок;времени
"как продолжить:""это была лихая кавалерийская...""?";атака;песня;часть;лошадь;скачка/езда;тачанка
как различают близнецов?;имя;шляпа;одежда;характер;голос;запах
как фамилия человека, боровшегося за независимость?;лумумба;гевара;кастро;мандела;боливар;ленин
как фамилия человека, над которым все смеялись?;никулин;чаплин;олег попов;жириновский;брежнев;крамаров
какая бумажка может стоить огромных денег?;акция;крмпромат;вексель;партбилет;договор;автограф
какая бывает техника?;бытовая;безопасности;измерительная;военная;старая;спортивная
какая новость может осчастливить школьника?;каникулы;отмена уроков;учитель заболел;пятерка;бомбу подложили;окончил школу
какая столица у африки?;не знаю;аддис-абеба;нигерия;каир;ее нет;алжир
какая фамилия ассоциируется с огромным богатством?;рокфеллер;ротшильд;онассис;березовский;монте-кристо;мавроди
какие бывают выставки?;художественные;собачьи;картин;фото;продажи;международные
какие бывают зоны?;отдыха;эрогенные;заключения;строгого режима;видимости;зеленые
какие бывают поля?;футбольное;колхозное;магнитное;чудес;шахматное;русское
какие бывают салоны?;красоты;мебельные;парикмахерские;авто;самолета;косметические
какие могут быть часы?;наручные;песочные;золотые;настенные;механические;будильник
каким видом спорта занимаются девушки с красивой фигурой?;художественная гимнастика;шейпинг;бодибилдинг;аэробика;синхронное плавание;фигурное катание
каким людям покоряются моря?;смелым;сильным;отважным;морякам;бесстрашным;капитанам
каким свойством человеческого характера часто пользуются преступники?;доверчивость;страх;доброта;жадность;глупость;азартность
каким способом можно избавиться от простуды?;водка;малина;горчичники;лекарства;баня;чеснок
какими словами заканчивают любовное письмо?;целую;люблю;жду;до встречи;обнимаю;прощай
какое дерево распускается раньше других?;верба;тополь;яблоня;береза;вишня;липа
какое животное много спит?;медведь;кот;соня;ленивец;хомяк;сурок
какое занятие нравится детям, но не нравится родителям?;курить;телевизор;компьютер;хулиганить;рисовать на стенке;бездельничать
какое оружие было у сарацина?;меч;сабля;ятаган;лук;копье;кинжал
какое чувство вам приходится скрывать от окружающих?;любовь;зависть;страх;глупость;стыд;юмор
какое чувство может лишить человека сна?;любовь;страх;тревога;голод;долг;не запл. налоги
какой бывает дождь?;грибной;проливной;ролики;сплошной;сильный;мокрый
какой из классических композиторов легко бы писал рок-музыку?;бах;моцарт;чайковский;бетховен;мусоргский;шуберт
какой персонаж имел дело с волшебными предметами?;алладин;старик хоттабыч;золушка;фея;маленький мук;баба яга
какой президент нужен стране?;умный;молодой;честный;здоровый;интеллигентный;справедливый
"какой эпитет подойдет к слову ""король""?";голый;нефтяной;глупый;олень;солнце;лир
"какой эпитет подойдет к слову ""ум""?";острый;глубокий;оригинальный;пытливый;блестящий;куриный
"какой эпитет подошел бы к слову ""небо""?";голубое;высокое;хмурое;безоблачное;звездное;огромное
"какой эпитет подходит к слову ""глаза""?";красивые;большие;черные;прекрасные;хитрые;косые
"какой эпитет подходит к слову ""театр""?";большой;драматический;академический;оперный;погорелый;малый
какую вещь жена обязательно отвоюет у мужа после развода?;квартиру;машину;детей;холодильник;алименты;корову
какую немецкую фразу знает любой русский?;гитлер капут;хенде хох;ахтунг;дас ист фантастиш;гутен морген;шпрехен зи дойч
какую часть одежды можно легко потерять?;галстук;перчатка;носки;пуговица;шарф;шляпа
каую зарубежную страну вы хотели бы посетить?;франция;сша;италия;все;япония;англия
кем был джон леннон?;певец;музыкант;композитор;битл;солист;борец за мир
кем был леонардо да винчи?;художник;ученый;скульптор;итальянец;изобретатель;гений
кем работает человек, вынужденный на работе часто ползать?;паркетчик;разведчик;автослесарь;уборщица;сапер;шахтер
кого бы вы не стали целовать при встрече?;начальника;врага;постороннего;никого;мужика;тещу
кого в зоопарке лучше не дразнить?;верблюда;льва;тигра;медведя;сотрудника;слона
"кого вы представляете при слове ""лысый""?";ленин;котовский;хрущев;моргунов;горбачев;жванецкий
кого звал на помощь буратино?;папу карло;артемона;мальвину;тортиллу;маму;чипполино
"кого имеют в виду, говоря ""эти бравые ребята""?";солдаты;омон;десантники;футболисты;депутаты;мушкетеры
кого любил ленин?;крупскую;детей;арманд;маму;власть;маркса
кого любят миллионы американцев?;мерилин монро;себя;америку;президента;ди каприо;бенни хилла
кого можно встретить в африке?;негра;слона;жирафа;крокодила;льва;обезьяну
кого можно встретить на пляже и сильно удивиться?;чукчу;нудиста;деда мороза;африканца;супруга;пингвина
кого можно назвать самым симпатичным толстяком?;крылов;винни-пух;цекало;леонов;карлсон;невинный
кого можно увидеть в цирке?;клоун;слон;дрессировщик;жонглер;правительство;акробат
кого новый год застает в пути?;деда мороза;машиниста;шофера;летчика;проводника;командированного
кого очень любил василий иванович?;анку;петьку;коня;пулемет;тачанку;родину
кого пасут?;корову;козу;овцу;детей;жену;гусей
кого посылают в африку?;врачей;дипломатов;учителей;строителей;туристов;шпионов
кого пускают в театр без билета?;актеров;своих;режиссера;гардеробщика;уборщицу;начальство
кого/что часто изображают на гербах?;орел;лев;звери;птицы;щит;солнце
кому вы доверите свою тайну?;никому;другу;себе;супругу;матери;всем
кому вы улыбаетесь, даже если вам не очень хочется?;начальству;милиционеру;учителю;красивой девушке;клиентам на работе;гинекологу
"кому говорят ""летите""?";голубям;летчикам;паращютистам;космонавтам;пассажирам;письмам
"кому говорят ""я приду завтра""?";любимому;начальнику;другу;врачу;родным;должнику
кому для работы необходимо зеркало?;парикмахер;водитель;артист;окулист;портной;балерина
кому для работы нужен канат?;канатоходцу;моряку;альпинисту;пожарному;спасателю;буксировщику
кому до смерти надоело повторять одно и то же по много раз на дню?;учитель;мама;диктор;попугай;продавец;автоответчик
кому машут рукой?;уезжающему;маме;друзьям;провожающим;уходящему;самолету
кому мешает снегопад?;дворникам;водителям;транспорту;машинам;пешеходам;летчикам
кому на работе приходится много расспрашивать?;секретарь;журналист;следователь;врач;социолог;охранник
кому на работе приходится много ходить?;врач;жириновский;учитель;курьер;лесник;милиционер
кому нужен шланг?;садовод;дворник;пожарный;пылесос;гастроэнтеролог;водолаз
кому одежда сильно мешает?;любовникам;натурщикам;нудистам;пловцам;пляжникам;дикарям
кому очень нужен ремень?;мотору;отцу;брюкам;солдату;двоечнику;худому
кому платят штраф?;милиционеру;контролеру;гаи;налоговой службе;государству;рэкетиру
кому приходится часто целоваться?;влюбленным;актерам;слону;новобрачным;любовникам;генсекам
кому просто необходима борода?;дед мороз;свяженник;полярник;старик;маркс;дворник
кому просто необходимо быть гибким?;политику;гимнасту;акробату;йогу;шлангу;жене
кому совсем не идет борода?;женщине;мне;ребенку;марксу;ленину;горбачеву
кому требуется много воды?;рыбам;пожарным;слону;пловцу;верблюду;кораблю
кто больше всех ругался с буратино?;мальвина;карабас;папа карло;лиса алиса;сверчок;кот базилио
кто в деревне встает раньше всех?;петух;пастух;доярки;агроном;жена пастуха;фермеры
"кто вам запомнился по фильму ""кавказская пленница""?";шурик;варлей;ишак;этуш;балбес;трус
кто весной выходит на поле?;крестьяне;агроном;грачи;тракторы;коровы;футболисты
кто взбирается по стене?;таракан;скалолаз;муха;пожарный;плющ;вор
кто во время своей работы закрывает глаза?;путана;сторож;сварщик;музыкант;экстрасенс;дегустатор
кто все время ходит туда - сюда?;маятник;кот ученый;учитель;часовой;заключенный;паром
кто все лето грелся на солнышке?;львенок;отдыхающий;черепаха;кот;дачник;пенсионер
кто всегда во всем виноват?;стрелочник;крайний;козел отпущения;рыжий;президент;теща
кто всегда рядом с президентом?;охрана;жена;советник;переводчик;дочь;пресс-секретарь
кто всех спасал?;дед мазай;чип и дейл;спасатель;айболит;дядя степа;супермен
кто всю жизнь провел на берегу?;рыбак;робинзон крузо;жена рыбака;маяк;русалочка;чукча
кто всю жизнь скакал на лошади?;ковбой;д'артаньян;дон кихот;буденный;всадник без головы;илья муромец
кто вылупился из яйца?;цыпленок;крокодил;динозавр;птенец;змееныш;гадкий утенок
кто высоко прыгает?;кенгуру;кузнечик;прыгун;блоха;бубка;курс доллара
кто выходит на берег?;катюша;пловец;богатыри;русалка;водолаз;черномор
кто главный на дороге?;гаишник;пешеход;шофер;машина;дети;скорая
"кто говорит:""у меня такая служба""?";милиционер;военный;пожарный;вахтер;президент;сантехник
кто греется на солнышке?;кошка;черепаха;отпускник;змея;ящерица;собака
кто грустит на свадьбе?;жених;родители;невеста;соперник;свекровь;теща
кто дает прогнозы?;синоптик;политик;гидрометцентр;гадалка;астролог;телеведущий
кто дает советы молодым родителям?;старые родители;бабушки;друзья;враги;все кому не лень;соседи
кто должен все время улыбаться?;диктор;продавец;метродотель;стюардесса;кинозвезда;манекенщица
кто едет в кибитке?;цыгане;ямщик;барин;пушкин;циркачи;пассажир
кто жалуется на темноту?;дети;водители;жильцы;прохожие;кроты;старики
кто живет в австралии?;кенгуру;аборигены;австралийцы;коала;утконосы;кролики
кто живет в дупле?;дятел;белка;сова;птичка;борман;кариес
кто живет в норе?;лиса;мышь;крот;барсук;хорек;сурок
кто живет на вилле нового русского кроме него самого?;собака;жена;любовница;охрана;садовник;дети
кто живет у вас в квартире?;тараканы;собака;родственники;кошка;семья;я
кто за все в ответе?;человек;родители;президент;правительство;никто;начальство
кто знает больше всех?;ученый;энциклопедия;профессор;знатоки;эрудит;бог
кто крутится на работе в прямом смысле слова?;балерина;акробат;космонавт;фигурист;белка;официант
кто любит плюшки?;карлсон;фрекен бок;обжора;сладкоежка;бабушки;я
кто машет руками?;регулировщик;провожающие;голосующие;оратор;каратист;дирижер
кто много и интересно рассказывает?;радзинский;сказочник;андроников;жванецкий;конферансье;арина родионовна
кто много чего завещал?;ленин;маркс;миллионер;сталин;мао;дедушка
кто мог бы жениться на русалке?;русал;дельфин;водяной;нептун;черномор;человек-амфибия
кто может позволить себе спать, сколько захочет?;кошка;лентяй;ребенок;пенсионер;безработный;медведь
кто на вас пристально смотрит?;супруг;милиционер;врач;учитель;таможенник;змея
кто не устает громко кричать?;дети;болельщики;продавец;командир;режиссер;зазывала
кто носит каску?;строитель;пожарник;солдат;мотоциклист;хоккеист;шахтер
кто носит татуировку?;заключенный;моряк;рокер;индеец;панк;уголовник
кто очень часто смотрит на небо?;летчик;колхозник;метеоролог;романтик;астроном;отпускник
кто пишет самые длинные письма?;писатель;солдат;графоман;влюбленный;кляузник;заключенный
кто по роду деятельности работает с бумагой?;бухгалтер;секретарь;художник;писатель;чертежник;бюрократ
кто по роду деятельности работает с деньгами?;кассир;бухгалтер;банкир;инкассатор;рантье;фальшивомонетчик
кто по роду деятельности работает с фотоснимками?;фотограф;следователь;журналист;разведчик;стоматолог;редактор
кто по роду занятий много слушает?;врач;студент;учитель;музыкант;телефонист;журналист
кто помогал убирать урожай?;студенты;солдаты;школьники;горожане;шефы;пионеры
кто постоянно говорит о деньгах?;банкир;жена;все;кассир;бизнесмен;нумизмат
кто постоянно экспериментирует?;ученый;экспериментатор;химик;физик;изобретатель;лаборант
кто приезжает по вызову?;врач;милиция;пожарные;девушки;сантехник;телемастер
кто принимает очень ответственные решения?;президент;министры;родители;врач;молодожены;командир
кто принимает парад?;маршал;главнокомандующий;генерал;президент;министр обороны;военный
кто прячется в высокой траве?;мыши;кузнечик;охотник;гриб;заяц;влюбленные
кто пышно отмечает свой профессиональный праздник?;милиция;артисты;учителя;десантники;военные;торговля
кто регулярно посещает консерваторию?;музыканты;меломаны;студенты;дирижер;композиторы;билетерша
кто режиссер самого известного в мире фильма?;феллини;спилберг;эйзенштейн;михалков;рязанов;чаплин
кто репетирует перед зеркалом?;актер;танцор;клоун;балерина;политик;подхалим
кто самый нужный человек при строительстве дома?;прораб;финансист;крановщик;строитель;каменьщик;архитектор
кто сидит в своем кабинете?;директор;врач;начальник;президент;депутат;шеф
кто скрывает свое настоящее имя?;шпион;писатель;преступник;алиментщик;пешеходам;анонимщик
кто создает опасные ситуации?;водитель;пешеход;пьяный;дети;ненормальный;преступник
кто спит днем?;дети;кошка;сторож;собака;сова;лентяй
кто спустился с горы?;лыжник;горец;альпинист;снежный человек;кто-то;магомет
кто стоит у подъезда?;дворник;любовник;участковый;бабушки;собака;швейцар
кто стоит уперев руки в бока?;жена;теща;начальник;лодырь;охранник;продавец
кто считает секунды?;судья;тренер;спортсмен;секундомер;влюбленные;сапер
кто такой боливар?;конь;герой;революционер;бандит;мексиканец;шляпа
кто тянет лямку?;бурлак;жена;лошадь;работяга;глава семьи;я
кто упоминается в титрах телепередачи?;спонсоры;продюсер;ведущий;режиссер;редактор;автор
кто ходит в гости по утрам?;винни-пух;пятачок;пьяница;кто поступает мудро;сосед;почтальон
кто хорошо поддается дрессировке?;собака;муж;жена;человек;слон;попугай
кто часто говорит шепотом?;суфлер;больной;учитель;доносчик;ученики;лор
кто часто извиняется?;интеллигент;виноватый;вежливый;муж;официант;опоздавший
кто часто кланяется?;артист;японец;грибник;швейцар;ведущий;священник
"кто часто слышит фразу ""вон отсюда""?";собака;дети;ученик;кошка;подчиненный;пьяный
"кто часто слышит фразу:""выйди вон!""?";ученик;собака;ребенок;подчиненный;муж;лакей
кто чаще всех общается с детьми?;учитель;мама;воспитатель;бабушка;родители;телевизор
кто шествует по ковровой дорожке?;президент;космонавт;королева;чемпион;свадьба;артисты
куда можно сделать запись?;дневник;блокнот;тетрадь;кассета;записная книжка;журнал
Каждый день ко мне приходит много красивых девушек. КЕМ Я РАБОТАЮ?;фотограф;парикмахер;модельер;сутенер;врач;продюсер
лучшая марка наручных часов?;полет;сейко;ролекс;слава;чайка;картье
лучший подарок первокласснику?;портфель;книга;карандаши/краски;компьютер;велосипед;пенал
любимое выражение эллочки-людоедки?;хо-хо;хамите;парниша;жуть;блеск;мрак
люди какой профессии любят петь на работе?;певцы;бурлаки;водители;повара;военные;автоинспекторы
место, куда обычно зазывают?;ярмарка;цирк;магазин;гости;кафе;распродажа
на кого кричит врач?;пациент;медсестра;санитар;жена;коллега;симулянт
на кого собирают компромат?;политик;конкурент;бизнесмен;депутат;подозреваемый;президент
на чем держатся штаны?;ремень;арбуз;живот;бедра;честне слово;пуговица
на чем люди летают?;самолет;дельтаплан;вертолет;воздушный шар;парашют;ракета
на чем можно записать номер телефона, если под рукой нет бумаги?;ладонь;пачка сигарет;стена;салфетка;зеркалщ;купюра
на чем можно поскользнуться?;лед;банановая корка;ровное место;арбузная корка;паркет;глина
на чем плавали в древности?;плот;лодка;пирога;бревно;челн;струг
на чем с удовольствием катаются дети?;санки;велосипед;ролики;горка;коньки;качели
на что можно потратить миллион $ за неделю?;женщины;развлечения;машины;благотворительность;недвижимость;еда
на что похож вентилятор?;пропеллер;вертолет;цветок;ветер;мельница;карлсон
новый русский. какой он?;крутой;богатый;толстый;тупой;бандит;бритый
"о ком говорят: ""он прибыл""?";поезд;ревизор;военный;президент;командированный;муж
"о ком говорят:""он опять убежал""?";кот;муж;пес;любовник;преступник;кофе
"о ком говорят:""она показала свой класс""?";учитель;спортсменка;актриса;фигуристка;жена;лошадь
"о чем говорят: ""как снег на голову""?";гости;неожиданность;цены;родственник;неприятности;теща
"о чем сказано ""за 5 лет он мне надоел""?";муж;любовник;институт;город;автомобиль;телевизор
о чем увлеченно спорят студенты?;сессия;девушки;пиво;компьютеры;жизнь;квн
основное качество радиоведущего?;голос;дикция;находчивость;болтливость;чувство юмора;грамотность
от чего люди убегают?;проблемы;инфаркт;погода;дождь;собака;милиция
от чего можно защититься газетой?;муха;солнце;комары;дождь;жена;взгляд
от чего трудно отмыться?;грязь;цветаева;позор;масло;мазут;краска
перед кем стоит обнаженная женщина?;врач;художник;любовник;фотограф;зеркало;публика
по какой примете в тайге можно определить, что здесь был человек?;мусор;костер;следы;мятая трава;пни;банки
"по пути на пикник женщина заявляет: ""возвращаемся. я забыла..."" что она забыла?";продукты;выключить утюг;мужа;детей;закрыть дверь;позвонить
последнее, что достают из холодильника?;мышь;лед;яйцо;молоко;сырок;пиво
почему человек целый день сидит на балконе?;дышит воздухом;загорает;от безделья;наблюдает за людьми;курит;ждет кого-то
про какого зверя самое большое количество мультфильмов?;заяц;волк;кот;мышь;медведь;микки- маус
"про кого говорят :""он вынесет все""?";вор;мужчина;конь;терпеливый;супермен;солдат
про кого самые смешные анекдоты?;василий иванович;новый русский;вовочка;штирлиц;чукча;ржевский
"раньше говорили ""хороший фильм"". а сейчас?";цветы;крутой;классный;плохой;убойный;хит
с какого слова обычно начинаются вопросы?;почему;где;что;как;зачем;когда
с какой просьбой утром жена обращается к мужу?;выключи будильник;захвати мусор;дай денег;поставь чайник;побрейся;вставай
с какой целью человек идет к речке?;купаться;рыбачить;топиться;встречать;плавать;стирать
с кем бился илья муромец?;соловей-разбойник;змей горыныч;татары;кощей;враги;разбойники
с кем или с чем поэт сравнивает стройную девушку?;березка;тростинка;лань;ива;тополь;кипарис
с кем не любит встречаться писатель?;критик;читатель;издатель;налоговая;журналисты;поклонники
с помощью чего вы ухаживаете за волосами?;шампунь;расческа;бальзам;фен;гель;лак
с помощью чего человек меняет свою внешность?;пластическая операция;грим;одежда;парик;усы;очки
с чего делают снимок?;лицо;ключ;зубы;след;натурщица;руки
с чего может съехать лыжник?;гора;лыжня;трамплин;крыша;дистанция;квартира
с чего начинается строительство дачи?;фундамент;деньги;участок;котлован;забор;бутылка
с чего начинают строить дом?;фундамент;проект;забор;котлован;первый кирпич;идея
с человеком какой профессии вы бы не хотели жить по соседству?;музыкант;милиционер;путана;бизнесмен;кинолог;бандит
с чем едят блины?;сметана;икра;варенье;масло;мед;мясо
с чем поздравляют молодого человека?;день рождения;свадьба;ребенок;совершеннолетие;диплом;23 февраля
с чем пьют чай?;сахар;варенье;лимон;торт;печенье;конфеты
самая большая река?;амазонка;миссисипи;волга;нил;белая;енисей
самая вкусная начинка для пирожков?;капуста;мясо;курага;яблоки;повидло;грибы
самая знаменитая операция?;ы;буря в пустыне;лиса в пустыне;с новым годом;шунтирование;багратион
самая известная аббревиатура?;кгб;ссср;кпсс;ммм;мгу;влксм
самая известная греческая богиня?;афина;афродита;венера;ника;гера;фемида
самое вкусное варенье?;вишневое;малиновое;клубничное;абрикосовое;айвовое;земляничное
самое грациозное животное?;лань;пантера;кошка;лошадь;жираф;олень
самое известное грузинское имя?;гиви;сулико;гоги;вано;вахтанг;тамара
самое известное изображение женщины?;джоконда;мадонна;нефертити;венера милосская;незнакомка;аленушка
самое известное слово-паразит?;блин;значит;в общем;это;как бы;так сказать
самое известное сражение?;бородино;ватерлоо;куликовское;сталинград;курская дуга;ледовое побоище
самое счастливое число? (ЦИФРАМИ);7;13;1;3;9;5
самый ароматный цветок?;роза;ландыш;жасмин;фиалка;сирень;нарцисс
самый большой город в мире?;мехико;москва;нью-йорк;токио;майкоп;чикаго
самый забавный вид спорта?;сумо;синхронное плавание;спортивная ходьба;футбол;перетягивание каната;регби
самый знаменитый военачальник?;суворов;жуков;кутузов;македонский;наполеон;чапаев
самый известный автомобильный завод?;ваз;форд;зил;мерседес;рено;газ
самый известный в мире аэропорт?;кеннеди;шереметьево;орли;хитроу;внуково;бен-гурион
самый известный в прошлом виа?;самоцветы;песняры;земляне;машина времени;верасы;веселые ребята
самый известный марш?;мендельсона;прощание славянки;энтузиастов;военный;турецкий;газманова
самый известный русский художник?;репин;васнецов;шишкин;суриков;айвазовский;шиншилла
самый известный сатирик?;жванецкий;задорнов;ильф;хазанов;петров;арканов
самый известный советский поэт?;маяковский;евтушенко;вознесенский;твардовский;рождественский;есенин
самый известный федор?;достоевский;дядя федор;царь федор и.;шаляпин;отец федор;первопечатник
самый известный философ?;сократ;спиноза;кант;сенека;аристотель;ленин
самый известный фильм о покорителях космоса?;звездные войны;укрощение огня;соллярис;отроки во вселенной;армагеддон;москва-кассиопея
самый известный хоккеист?;харламов;третьяк;гретцки;фетисов;буре;бобби халл
самый красивый проспект в москве?;ленинский;кутузовский;венадского;новый арбат;калинина;мира
самый лучший курорт крыма?;ялта;коктебель;сочи;гурзуф;мисхор;судак
самый любимый урок школьника?;физкультура;пение;труд;рисование;перемена;последний
самый опасный вид спорта?;автогонки;альпинизм;горные лыжи;мотогонки;хоккей;бокс
самый отважный литературный герой?;робин гуд;д'артаньян;дон кихот;джеймс бонд;колобок;чапаев
самый популярный герой анекдотов?;чапаев;вовочка;штирлиц;чукча;насреддин;ржевский
самый популярный термин в преферансе?;пас;не знаю;мизер;вист;пуля;марьяж
самый типичный русский сувенир?;матрешка;самовар;лапти;балалайка;водка;чай
самый шахматный термин?;шах;мат;цейтнот;цугцванг;рокировка;гамбит
скульптуру давид работы микеланджело видели все. а что у этого давида в руках?;щит;ничего;меч;праща;копье;весло
у вас в квартире лопнула труба с горячей водой. что делать?;звонить в жэк;закрутить вентиль;звать на помощь;убирать мебель;подставить ведра;купаться
у какого животного самые красивые глаза?;олень;лошадь;собака;антилопа;коза;корова
у какого зверя длинные когти?;кошка;медведь;тигр;дикобраз;муравьед;собака
у какого зверя самый ценный мех?;соболь;норка;песец;горностай;кролик;шиншилла
у какого моря необычное название?;мертвое;черное;саргассово;красное;белое;лаптевых
у какого персонажа был слуга?;хлестаков;дон кихот;раневская;гринев;обломов;двое господ
у кого большие челюсти?;акула;крокодил;бегемот;кит;динозавр;волк
у кого в руках топор?;лесоруб;палач;мясник;плотник;раскольников;пьяный
у кого все руки в варенье?;карлсон;ребенок;кондитер;сладкоежка;мальчиш-плохиш;муха
у кого есть рога?;корова;олень;козел;муж;бык;баран
у кого самый длинный хвост?;змея;крокодил;крыса;обезьяна;кенгуру;студент
у кого шерсть в пятнышках?;леопард;долматин;гепард;кошка;гиена;собака
у человека оттопырены карманы. что в них?;деньги;документы;кошелек;мусор;бутылка;пистолет
чего всем вечно не хватает?;денег;времени;счастья;любви;сил;славы
чего не бывает много?;денег;времени;любви;водки;здоровья;ума
чего не хватает женщинам?;денег;любви;мужчин;ласки;ума;счастья
чего слишком много на вашей кухне?;посуда;мебель;тараканы;мусор;бутылки;люди
чего, по мнению иностранцев, много в нашей стране?;медведей;водки;бандитов;снега;красавиц;памятников ленину
"человек говорит:""я НАШЕЛ СОВЕРШЕННО НОВЫЙ СПОСОБ"". кто он?";ученый;любовник;гений;хирург;повар;хакер
человек задумчиво глядит в морскую даль. кто он?;моряк;пограничник;влюбленный;робинзон;ассоль;спасатель
человек идет в кино, но не для того, чтобы посмотреть фильм. а для чего?;выспаться;целоваться;познакомиться;есть попкорн;пить пиво;крутить кино
человек какой профессии имеет на двери табличку с фамилией?;врач;директор;юрист;начальник;министр;бизнесмен
человек на рынке в одной руке держит арбуз, а в другой?;дыню;деньги;другой арбуз;гирю;нож;ребенка
человек не договорив, бросает трубку телефона. с кем он говорил?;жена;теща;подчиненный;кредитор;шутник;ошибся номером
человек невероятно много ест. кто он?;обжора;голодный;повар;борец сумо;гость;троглодит
человек с верблюдом. кто он?;погонщик;бедуин;дрессировщик;караванщик;кочевник;араб
человек с гитарой. как его зовут?;высоцкий;окуджава;зинчук;гитарист;макаревич;боярский
человек сидит и время от времени нажимает кнопку. кто он?;лифтер;диспетчер;вахтер;игрок;оператор;псих
человек слушает и глупо улыбается. кого он слушает?;жену;сатирика;ребенка;начальство;милиционера;президента
человек что-то пишет, потом рвет листок. что он пишет?;заявление;письмо;стихи;записку;завещание;донос
чем бросаются на уроке?;бумажками;записками;ластиком;тряпкой;жвачкой;пластилином
чем был вооружен древний воин?;копье;меч;лук;дубина;щит;камень
чем взламывают сейф?;автоген;фомка;взрывчатка;лом;кувалда;сверло
чем возмущены зрители на спектакле?;плохой игрой;режиссурой;сценарием;заменами;звуком;буфетом
чем гордится старшина?;званием;лычками;собой;ротой;дисциплиной;подчиненными
чем гордятся американцы?;свободой;статуей свободы;бизнесом;страной;семьей;демократией
чем гордятся сибиряки?;морозами;здоровьем;пельменями;характером;сибирью;мехами
чем заживляют раны?;йодом;зеленкой;мазью;пластырем;подорожником;мумие
чем заправляется карлсон?;варенье;плюшки;торт;конфеты;пирожные;бензин
чем машут над головой?;головным убором;флагом;руками;саблей;пистолетом;булавой
чем можно владеть?;языками;собой;ситуацией;недвижимостью;миром;секретом
чем можно обмениваться?;марками;кольцами;мнениями;рукопожатием;телефонами;одеждой
чем можно украсить голову?;прической;шляпкой;шапкой;венком;цветком;заколкой
чем можно хлопать?;ушами;глазами;дверью;руками;хлопушкой;мухобойкой
чем можно шевелить?;ушами;мозгами;пальцами;ногами;извилинами;хвостом
чем на досуге любит позабавиться клинтон?;саксофоном;сексом;собакой;моникой;пробежкой;войной
"чем отличается ""мерседес"" от ""запорожца""?";ценой;размером;комфортом;скоростью;национальностью;ничем
чем пользуется угонщик автомобиля?;отмычкой;смекалкой;автомобилем;ключами;тросом;перчатками
чем пользуется художник?;кисть;мольберт;краски;палитра;воображение;холст
чем пользуется художник?;кисть;мольберт;краски;палитра;вдохновение;натура
чем рынок отличается от магазина?;цены;ассортимент;много народа;можно торговаться;качество;грязью
чем санта клаус отличается от деда мороза?;пропиской;национальностью;нет снегурочки;не пьет;ростом;подарками
чем удивить жену 8 марта?;цветами;подарком;уборкой;отсутствием;трезвостью;поцелуем
чем чаще всего занимается дачник?;копает;сажает;отдыхает;пропалывает;поливает;собирает
чему радуется шахтер?;зарплате;солнцу;углю;отпуску;жизни;подъему
что берут напрокат и не возвращают?;книгу;зажигалку;ручку;сигареты;деньги;соль
что берут с собой в баню?;веник;пиво;мыло;мочалка;полотенце;друзья
что больше всего вредит здоровью?;табак;стресс;алкоголь;неправильное питание;тяжелая работа;воздержание
что больше всего заботит футбольного тренера перед решающим матчем?;физ. подготовка;счет;финансы;здоровье;погода;трезвость
что бы вы взяли с собой в баню?;веник;пиво;полотенце;мыло;тапочки;мочалку
что бы вы хотели вытащить из воды?;рыбу;клад;русалку;зол.рыбку;титаник;раков
что бывает вечным?;двигатель;огонь;любовь;зов;покой;время
что бывает единственным?;жизнь;любовь;шанс;ребенок;экземпляр;глаз
что бывает пестрым?;лента;одежда;галстук;попугай;ткань;курица
что бывает плоским?;шутка;юмор;грудь;экран;стол;пол
что бывает синего цвета?;небо;море;глаза;синяк;нос;джинсы
что бывает то белым, то черным?;полосы жизни;снег;рояль;зебра;улица;магия
что в автомобиле ломается чаще всего?;тормоза;карбюратор;мотор;колесо;бампер;сцепление
что в автомобиле часто выходит из строя?;тормоза;дворники;аккумулятор;колеса;сцепление;свечи
что в квартире падает со страшным грохотом?;шкаф;муж;посуда;люстра;телевизор;потолок
что в первую очередь делает человек, вернувшись с охоты?;снимает сапоги;раздевается;моется;принимает сто грамм;ест;хвастает добычей
что в руках у казака?;шашка;кнут;казачка;чарка;уздечка;люлька
что в руках у сантехника?;ключ;вантуз;деньги;кран;чемодан;отвертка
что вдохновляет поэта?;женщина;любовь;муза;природа;время года;гонорар
что везет автоцистерна?;бензин;молоко;спирт;бетон;цемент;пиво
что вешают на шею?;цепочку;крестик;петлю;бусы;шарф;колье
что висит на стене?;картина;часы;портрет;ковер;ружье;обои
что влетает в открытое окно?;камень;муха;пух;пыль;комары;мяч
что внизу у трамвая?;рельсы;колеса;дорога;асфальт;дно;тормоз
что внутри стиральной машины?;белье;барабан;мотор;одежда;вода;порошок
что внутри у паровоза?;машинист;пар;топка;котел;уголь;кочегар
что водитель никак не может найти в багажнике?;ключ;трос;насос;домкрат;огнетушитель;права
что вращается с большой скоростью?;колесо;пропеллер;центрифуга;вентилятор;балерина;стиральная машина
что вы не станете выбрасывать, даже если оно сломалось?;игрушку;телевизор;украшение;часы;подарок;жизнь
"что вы представляете при словах:""его я смастерил своими руками""?";стул;шкаф;дом;забор;пирог;буратино
"что вы представляете при слове ""автомобильный""?";салон;завод;гонки;гараж;вор;кузов
"что вы представляете при слове ""караван""?";верблюд;пустыня;сарай;кара-кум;барханы;джаз
что вы с утра первым делом включаете?;телевизор;свет;радио;музыку;чайник;газ
что главное в арсенале дворника?;метла;лопата;фартук;лом;бутылка;территория
что говорит жена любовнику, когда неожиданно приходит муж?;прячься;одевайся;прыгай;это муж!;извини;вынеси мусор
что горит всю ночь?;луна;телевизор;фонарь;свеча;ночник;кремлевские звезды
что дарят новорожденному?;игрушку;соску;пеленки;коляску;жизнь;памперсы
что дают в конверте?;деньги;письмо;взятку;повестку;открытку;поздравление
что движется по пыльной дороге?;автомобиль;стадо;табор;шахтеры;войска;танки
что делает женщина, желая с понедельника начать новую жизнь?;худеет;прическу;разводится;ест;бросает старую;выходит замуж
что делает человек, если не хочет привлекать ничьего внимания?;молчит;спит;сидит дома;ничего не делает;уходит;маскируется
что делает человек, смотрящий вам прямо в глаза?;гипнотизирует;беседует;врет;соблазняет;угадывает желание;строит глазки
что делают из говядины?;котлеты;отбивные;гуляш;бифштекс;тушенка;рагу
что делают люди у костра?;поют;греются;варят уху;спят;шашлык;пьют
что делают пользуясь лестницей?;поднимаются;тушат пожар;красят;достают книги;воруют;влезают к любимым
что держит в руках давид микеланджело?;пращу;ничего;кисть и краски;камень;плащ;фиговый лист
что держит в руках стрелок?;лук;ружье;стрелы;пушку;арбалет;оружие
что держит в руке учитель?;указка;мел;ручку;журнал;дневник;тетрадь
что должен надеть пожилой человек, что бы выглядеть современно?;джинсы;косуху;бейсболку;шорты;бандану;серьгу
что достает из кармана фокусник?;платки;карты;шарики;цветы;ленты;голубя
что едят, откусывая большими кусками?;торт;арбуз;хлеб;пирог;яблоко;биг мак
что за палка в руках у человека?;жезл;дубинка;трость;лыжная;бита;швабра
что за пять минут может сделать мужчина, дабы понравиться даме?;комплимент;цветы;подарок;поцелуй;побриться;раздеться
что за странный предмет в руках у медсестры?;шприц;скальпель;клизма;термометр;утка;клещи
что зажигают спичкой?;газ;сигарету;костер;плиту;свечка;дрова
что закатывают?;глаза;банки;асфальт;рукава;ковер;скандал
что закусывают шоколадом?;шампанское;коньяк;вино;ликер;лекарство;чай
что застегивают на молнию?;брюки;куртка;джинсы;сапоги;сумка;ширинка
что застегивают на молнию?;куртку;сумку;джинсы;сапоги;брюки;ширинку
что издает характерный скрип?;дверь;скрипка;кровать;половицы;телега;зубы
что издает характерный треск?;орех;суставы;электричество;трещотка;чипсы;дрова
что издает хрустящий звук?;чипсы;снег;кости;сухари;стекло;купюры
"что имеет в виду жена, говоря мужу:""оказывается, ты абсолютно не умеешь...""?";готовить;зарабатывать;врать;любить;пить;себя вести
что имеет много моделей?;автомобиль;агенство;самолет;экономика;прическа;фотоаппарат
"что имеют в виду, говоря ""наконец-то он пришел""?";слесарь;новый год;опоздавший;дождались;поезд;отпуск
"что имеют в виду, говоря: ""ну и пусть себе плывет""?";железяка;бревно;топор;лодка;медуза;айсберг
"что имеют в виду, говоря: ""она такая непредсказуемая""?";жизнь;женщина;страна;погода;ситуация;теща
что ищут под землей?;нефть;клад;золото;уголь;ископаемые;червяков
что ищут с помощью специального приспособления?;клад;воду;нефть;мины;наркотики;контрабанду
что катится с грохотом?;бочка;телега;пушка;трамвай;лавина;запорожец
что кричат вдогонку официанту?;счет!;официант!;позор;быстрее!;повторить!;можно вас?
что лежит на ночном столике?;книга;будильник;светильник;крем;таблетки;газета
что любит кошка?;рыбу;вискас;мышку;молоко;мясо;кота
что любт делать милиционер?;штрафовать;свистеть;проверять;брать;отдыхать;арестовывать
что любят рассматривать люди в гостях?;фото;книги;квартиру;картины;мебель;стол
что меняют примерно раз в год?;гаредроб;любовника;обувь;колготки;машину;учебники
что мешает ездить по российским дорогам?;ямы;дороги;гибдд;ухабы;знаки;пьяные
что может быть в мыле?;руки;конь;шея;голова;мочалка;спина
что может быть дальним?;восток;родственник;путь;зарубежье;плавание;прицел
что может быть за дверью?;комната;гость;улица;муж;темнота;лестница
что может быть изображено на обложке учебника химии?;формула;колба;менделеев;пробирки;модель атома;ломоносов
что может быть кривым?;зеркало;ноги;дорога;лицо;стена;дерево
что может быть лимонным?;сок;цвет;водка;чай;кислота;пирог
что может быть личным?;дело;жизнь;полотенце;транспорт;зубная щетка;счет
что может быть любительским?;колбаса;кино;спорт;фото;театр;команда
что может быть партийным?;билет;съезд;касса;собрание;взнос;работник
что может быть подлинно московским?;акцент;кремль;улицы;метро;прописка;время
что может быть русским народным?;песня;сказка;танец;сувенир;артист;творчество
что может быть слишком жестким?;матрас;характер;кровать;постель;диван;мясо
что может возглавлять женщина директор?;школу;парикмахерскую;фабрику;прачечную;журнал;министерство культуры
что может выковать кузнец?;подкова;меч;счастье;ограда;железяка;решетка
что может дать искру?;кремень;спичка;свеча;зажигалка;сварка;костер
что может длиться целую минуту?;молчание;звонок;рекламный ролик;забег;песня;вечность
что может долго крутиться?;волчок;ребенок;пластинка;балерина;карусель;чертово колесо
что может застыть?;вода;сахар;желе;гипс;цемент;кровь
что может излучать человек?;радость;тепло;улыбку;рентгены;доброту;энергию
"что может скрываться за дверью с вывеской ""просьба соблюдать тишину""?";студия;кабинет врача;операционная;спальня;класс;читальный зал
что может уйти безвозвратно?;молодость;время/годы;любовь;деньги;здоровье;жизнь
что можно взять в поход вместо гитары?;магнитофон;балалайка;гармонь;барабан;скрипка;губная гармошка
что можно жать?;руку;рожь;пшеницу;педаль;сок;кнопку
что можно запомнить только с пятого раза?;стихи;правила;телефон;мотив;адрес;таблицу умножения
что можно заработать честным трудом?;деньги;ничего;мозоли;хлеб;доску почета;горб
что можно исполнить?;песню;просьбу;заявку;танец;сальто;роль
что можно испортить одним словом?;настроение;отношения;аппетит;дружбу;песню;жизнь
что можно купить в загсе?;цветы;шампанское;фото;невесту;развод;книгу о сексе
что можно метать?;икру;бисер;копье;гром и молнии;диск;молот
что можно на себя повесить?;цепочку;хомут;бусы;обязательства;семью;галстук
что можно нанести?;удар;визит;урон;ущерб;оскорбление;макияж
что можно наполнить?;бокал;душу;стакан;желудок;рюмку;ведро
что можно носить в мешке?;кот;шило;картошка;сахар;мука;одежда
что можно оказывать?;помощь;услуги;внимание;дождь;содействие;милиция
что можно организовать?;концерт;восстание;демонстрацию;покушение;банкет;побег
что можно откладывать?;деньги;дела;яйца;встречу;отпуск;икру
что можно подтягивать?;штаны;подтяжки;колготки;морщины;хвосты;струны
что можно покорить?;вершину;сердце;океан;женщину;пространство;страну
что можно проигрывать?;деньги;корову;спор;пластинку;игру;состояние
что можно раскладывать и складывать обратно?;пасьянс;раскладушка;одежда;зонт;книжка;шахматы
что можно раскочегарить?;топку;самовар;печь;баню;любовника;ситуацию
что можно раскручивать?;дело;клубок;гайки;исполнителя;мужчину;балерину
что можно скрыть от милиционера?;ничего;запах;наркотики;оружие;правду;деньги
что можно сократить?;штаты;текст;дробь;жизнь;путь;расходы
что можно спрятать в буханке хлеба?;напильник;записку;деньги;веревку;пистолет;бутылку
что можно увидеть на красной площади?;мавзолей;кремль;иностранцев;собор;гум;елки
что можно увидеть, гуляя в чистом поле?;траву;горизонт;радугу;птицу;лошадей;ничего
что мы все время выключаем?;свет;телевизор;радио;вода;сознание;газ
что на столе у министра?;телефон;бумаги;икра;папка;взятка;деньги
что надкусывают, чтобы посмотреть что внутри?;пирожки;конфету;киндер сюрприз;яблоко;орех;котлету
что надо напялить на голову, чтобы над тобой все смеялись?;колпак;кастрюлю;горшок;штаны;ведро;рога
что надо разбавлять?;спирт;джин;эссенцию;сироп;концентрат;кислоту
что написано на дверях магазина?;обед;закрыто;учет;часы работы;перерыв;открыто
что написано у школьника в дневнике?;задание;замечание;оценка;расписание;явиться родителям;камень
что находится в маленькой бутылочке?;лекарство;детское питание;духи;коньяк;пиво;яд
что находится у водителя в бардачке?;карта;документы;кассеты;сигареты;стакан;баба яга
что начинается с длинного вступления?;речь;опера;роман;сочинение;учебник;концерт
что невозможно сделать без паспорта?;прописку;уехать за границу;жениться;купить билет;снять номер;обменять валюту
что несет на стадион футбольный фанат?;флаги;шарф;пиво;водка;плакат;еду
что носит папуас?;набедренную повязку;бусы;копье;ничего;кольцо в носу;перья
что нужно дать ребенку, чтоб он стал послушным?;конфету;ремня;деньги;подзатыльник;соску;свободу
что нужно для самовара?;сапог;вода;шишки;дрова;электричество;труба
что нужно часто протирать?;очки;окна;полы;мебель;глаза;плиту
что обычно дарят мужчине?;одеколон;галстук;любовь;носки;цветы;бритва
что обычно делает водитель в пробках?;курит;сигналит;ругается;слушает радио;звонит;ест
что обычно маринуют?;огурцы;помидоры;посетителей;грибы;чеснок;людей
что обычно подают на десерт?;мороженое;фрукты;сладкое;пирожное;желе;конфеты
что обычно с хлебом не едят?;макароны;хлеб;фрукты;торт;мороженое;конфеты
что ограждают забором?;дачу;стройку;огород;дом;сад;воинская часть
что открывается с резким звуком?;дверь;шампанское;окно;рот;сейф;лифт
что относят к нечистой силе?;ведьма;черт;леший;домовой;колдун;привидение
что очень часто меняет богатая женщина?;туалеты;любовников;шубы;машины;цвет волос;зубы
что очищают от снега?;дорогу;крышу;тротуар;машину;одежду;ботинки
что плавает в украинском борще?;сало;сметана;свекла;чеснок;капуста;муха
что позади корабля?;корма;волна;киль;винт;руль;море
что получает победитель?;приз;кубок;медаль;премию;грамоту;диплом
что постоянно обновляют?;прическу;обувь;гардероб;библиотеку;запасы;правительство
что при покупке проверяют на прочность?;веревку;посуду;ткань;удочку;часы;автомобиль
"что привлекает людей в ресторанах ""макдональдс""?";обслуживание;чистота;еда;цены;туалет;вкусно
что придумано человеком для поддержания комфорта в доме?;пылесос;телевизор;отопление;кондиционер;холодильник;туалет
что приходит с годами?;опыт;старость;мудрость;седина;лысина;склероз
что приходит само?;счастье;старость;любовь;лето;чувство;горе
что проверяют по нескольку раз?;деньги;ошибки;температуру;уроки;документы;сдачу
что происходит при ужасном шуме?;соревнования;дискотека;футбол;запуск ракеты;ремонт;болит голова
что прячет ребенок за спиной?;конфету;игрушку;спички;разбитую чашку;дневник;рогатку
что прячется в облаках?;солнце;самолет;небо;луна;дождь;телебашня
что пытаются передать заключенному?;пила;передачу;письмо;напильник;сигареты;деньги
что пьют из кружки?;пиво;молоко;квас;вода;жидкость;чай
что рисует художник, сидящий на красной площади?;мавзолей;кремль;красную площадь;собор в.блаженного;портрет;картину
что рождается в муках?;человек;истина;идея;стихи;мысли;юмор
что складывают аккуратными рядами?;книги;кирпичи;кассеты;бревна;дрова;деньги
что спрятано в толстом конверте?;взятка;фотоснимки;деньги;письмо;журнал;завещание
что спрятано в толстом конверте?;взятка;фотоснимки;деньги;письмо;журнал;завещание
что сравнивают с муравейником?;город;рынок;супермаркет;стадион;коммуналку;думу
что стараются не пропустить по телевизору?;новости;погоду;футбол;фильм;санта барбару;рекламу
что стараются не пропустить?;фильм;футбол;пьянку;премьеру;очередь;лекцию
что стоит в углу?;веник;швабра;шкаф;носки;ведро;стул
что строят под землей?;метро;гараж;тоннель;переход;канализацию;погреб
"что такое ""саммит""?";встреча в верхах;собрание;переговоры;конференция;не знаю;ругательство
что торжественно несут перед собой?;флаг;торт;подарок;олимпийский огонь;стекло;живот
что трут на терке?;морковь;свекла;сыр;овощи;шоколад;хрен
что тщательно лакируют?;ногти;пол;мебель;обувь;машину;действительность
что у вас ассоциируется с запотевшей бутылкой водки?;огурчик;праздник;застолье/стол;компания;закуска;баня
что у вас в левом кармане?;дырка;деньги;платок;ничего;ключи;фига
что у дедушки в огороде?;картошка;пугало;пулемет;помидоры;бузина;конопля
что у меня всегда с собой?;паспорт;голова;носовой платок;документы;деньги;ключи
что у студента бывает в первый раз?;сессия;экзамен;стипендия;зачет;неуд;стройотряд
что у человека в оттопыренном кармане?;кошелек;деньги;пистолет;бутылка;носовой платок;сигареты
что хранят в морозилке?;мясо;мороженое;рыбу;еду;пельмени;деньги
что хранят в сейфе?;деньги;документы;секреты;драгоценности;ценные бумаги;богатство
что целыми днями делает безработный?;ищет работу;спит;читает;побирается;пьет;ходит на биржу
что часто выдирают?;волосы;сорняки;зубы;страницы;морковку;перья
что часто изображают на календарях?;зверей;природу;девушек;кошек;цветы;цифры
что часто собирают?;грибы;бутылки;марки;ягоды;налоги;листву
что человек старательно заполняет?;анкета;декларация о доходах;кроссворд;бланк;документ;протокол
что шумит над рекой?;водопад;деревья;камыш;электростанция;дождь;компания
что экспортирует россия?;нефть;газ;лес;икру;мозги;оружие
что это у вас на голове?;волосы;шляпа;лысина;шишка;рога;ничего
чье внимание привлекают громким свистом?;собак;знакомых;шофера;девушек;пешехода;голубей
чью фамилию можно поставить рядом с фамилией гагарина?;титов;королев;терешкова;хрущев;циолковский;белка и стрелка
чья власть самая сильная?;советов;денег;женщин;бога;президента;диктатора
я ее поймал! -говорит человек. что он имеет в виду?;рыбу;удачу;муху;веревку;бабочку;блоху
Что снится постовому на посту?;девушка;дом;кровать;еда;жена;сон
Любимая песня Ленина?;интернационал;вихри враждебные;дубинушка;марсельеза;гимн;катюша
Все понимают в медицине. Назовите то, в чем еще понимают все.;любовь;политика;воспитание детей;жизнь;футбол;еда
Какой литературный герой лучше всех стреляет?;робин гуд;онегин;мюнхаузен;печорин;дантес;зверобой
Назовите тоб без чего не обходится лектор?;указка;слушатели;конспект;лекция;очки;трибуна
В какой стране самая красивая военная форма?;англия;россия;сша;франция;шотландия;германия
Самые известные детские стихи?;наша таня громко плачет;идет бычок качается;муха-цокотуха;в лесу родилась елочка;уронили мишку на пол;мойдодыр
Кто может жить и в воде и на суше?;лягушка;черепаха;крокодил;ихтиандр;амфибия;краб
Самый известный город в Европе;париж;киев;лондон;рим;москва;берлин
Какую музыку любят слушать военные?;марш;попсу;военную;громкую;лирическую;разную
Что бывает липким?;руки;мед;клей;жвачка;скотч;варенье
Самый известный город Италии?;рим;венеция;неаполь;милан;верона;пиза
Какое первое слово говорит ребенок?;мама;дай;агу;папа;баба;уа
Самая распространённая русская еда?;пельмени;щи;блины;картошка;борщ;каша
Вкакой стране валюта - доллар?;сша;канада;австралия;россия;сингапур;в развитых
Что весит на стене?;картина;часы;фотография;ковер;ружье;календарь
Что изобрели китайцы?;порох;шёлк;рис;фарфор;палочки для еды;бумагу
что любят мыши;сыр;зерно;крупу;сало;все;мышек
Назовите то, в чем можно искупаться?;море;река;ванна;вода;озеро;шампанское
Какие цветы сажают у себя на участке дачники?;астры;розы;гладиолусы;тюльпаны;красивые;ромашки
Из чего делают памятники?;мрамор;бронза;гранит;камень;гипс;металл
назовите самый распространённый язык;английский;русский;китайский;с;собственный;испанский
Назовите то, на что бывает алергия?;цветы;кошки;тополиный пух;пыль;животные;лекарства
самое популярное произведение шекспира;гамлет;ромео и джульета;король лир;отелло;сон в летнюю ночь;укрощение сторопивой
Какую посуду чаще всего бьют?;тарелки;стеклянную;чашки;фарфоровую;стаканы;дорогую
В какой стране меньше всего работают;россия;африка;кувейт;сша;куба;ватикан
Больше всего англичане любят ...;чай;овсянку;королеву;футбол;туман;англичанок
"кто первый спросил: ""что делать?""";чернышевский;адам;я;бог;достоевский;грибоедов
Каких известных людей звали Роберт?;де ниро;рождественский;бернс;фишер;редфорд;кеннеди
Какое имя лучше всего подходит попугаю?;кеша;попка;рома;гоша;штирлиц;яша
Кому дарят кактусы?;коллекционерам;верблюду;программистам;цветоводам;ежикам;врагам
назовите имя одной из жён абдуллы / К/Ф бел.солн.пус/;гюльчатай;зухра;зульфия;лейла;фатима;зейнаб
Назовите одно из чудес света;пирамиды;сады семирамиды;эйфелева башня;колосс родосский;александрийский маяк;любовь
Самая знаменитая царевна?;лягушка;несмеяна;лебедь;василиса;будур;тамара
Что попадает в глаз?;соринка;пыль;кулак;муха;ресница;мошка
Кто первым встречает восход?;японцы;петух;дворник;чукча;солнце;бомж
Что необходимо в бою?;оружие;смелость;ум;сила;винтовка;меч
Что кладут за пазуху?;камень;деньги;бутылку;котенка;хлеб;яблоки
Кто нажимает на красную кнопку?;президент;игрок;военный;дурак;пожарник;я
Кого люди узнают по голосу?;диктора;родных;певца;президента;знакомых;маму
Ученик за партой что-то усердно читает. Что это?;учебник;книга;шпаргалка;записка;журнал;инструкция
Кто самый знаменитый русский шаматист?;каспаров;карпов;алехин;ботвинник;таль;смыслов
Что у милиционера в кобуре?;пистолет;огурец;ничего;бутерброд;деньги;заначка
Столицей какого государства является город Куала-Лумпур?;не знаю;малайзия;куала-лумпур;африканского;зимбабве;индонезия
Кто живет на крыше?;карлсон;кот;бомж;трубочист;голуби;птицы
Какой зверь больше всего любит зиму?;медведь;заяц;белый медведь;морж;пингвин;снегирь
Что можно отрезать ножницами?;волосы;бумагу;нитку;ткань;ногти;все
Что людям больше свего нравится в газете?;новости;кроссворд;анекдоты;бумага;картинки;программа передач
Самый шумный бытовой прибор;пылесос;миксер;кофемолка;холодильник;фен;стиральная машина
Самое интересное в игре сто к одному;ведущий;ответы;вопросы;гуревич;большая игра;все
Назовите то, на чем можно съезжать с горы;санки;попа;лыжи;ноги;картон;портфель
Что чаще всего мотают?;нитки;срок;нервы;пленку;клубок;верёвку
Что лежит в столе учителя?;журнал;указка;мел;дневник;ручка;тетради
Самый известный детектив?;шерлок холмс;эркюль пуаро;коломбо;собака баскервилей;место встречи изменить нельзя;комиссар мэгре
Кто не любит фотографироваться?;я;фотограф;преступник;шпион;животные;дети
Назовите самое теплое место в квартире.;батарея;кровать;кухня;туалет;ванная;печка
Кто живет в тайге?;медведь;чукча;тигр;лесник;геолог;звери
Какая модель автомобиля чаще всего попадает в аварию?;запорожец;мерседес;жигули;джип;ока;волга
Назовите то, о чем поют дрозды.;любовь;весна;дроздихи;ни о чем;жизнь;лето
Мужчина тащит огромный чемодан. Как вы думаете, кто он?;носильщик;вор;турист;приезжий;муж;пассажир
Чем заяц отличается от волка?;ушами;хвостом;размером;характером;цветом;зубами
"Кому говорят: ""Я приду завтра""?";любовнице;жене;врачу;другу;маме;родителям
"К чему подходит эпитет ""смешной""?";анекдот;человек;клоун;парик;фильм;шляпа
Женщина в белом халате, кто она?;врач;медсестра;мама;продавец;доктор;повар
Что плавает в украинском борще?;сало;капуста;сметана;свекла;мясо;жир
"Какой эпитет подошел бы к слову ""погода""?";хорошая;плохая;прекрасная;мерзкая;солнечная;дождливая
Что пьют из кружки?;пиво;чай;молоко;кофе;квас;водку
Самый известный фильм с Юрием Никулиным;бриллиантовая рука;кавказская пленница;самогонщики;ко мне мухтар;когда деревья были большими;"операция ""ы"""
Самый музыкальный термин?;нота;скрипичный ключ;форте;аллегро;бемоль;мелодия
Назовите того, кому для работы нужна доска?;учитель;плотник;столяр;повар;гробовщик;строитель
"О чем можно сказать: ""Какая она белая!""?";стена;спина;простыня;скатерть;ворона;кошка
Чем выламывают дверь?;лом;нога;плечо;топор;голова;фомка
Какое, на ваш взгляд, было хобби у дедушки Ленина?;дети;чтение;революция;учиться;субботники;марки
Из окна вылетает телевизор. Как вы думаете, почему?;ссора;выбросили;старый;сломался;надоел;купили новый
Что падает с неба?;снег;дождь;звезда;манна;град;деньги
Кто просто обязан уметь плавать?;спасатель;рыба;плавец;моряк;водолаз;лягушка
Кто может неожиданно нагрянуть к вам домой?;гости;милиция;родственники;теща;сосед;муж
кто спасся вместе с ноем на ковчеге;твари;звери;жена;животные;семья;ноев ковчег
Какое бывает мороженое;холодное;вкусное;сливочное;пломбир;шоколадное;эскимо
"Какое слово рифмуется со словом ""любовь""?";морковь;кровь;свекровь;вновь;бровь;готовь
Кто работает ножницами?;портной;парикмахер;садовник;хирург;закройщик;швея
Кто сидит в траве?;кузнечик;заяц;партизан;жук;лягушка;муравей
Самый известный кот;матроскин;базилио;леопольд;бегемот;чеширский;в сапогах
Самый медленный транспорт?;трамвай;черепаха;пешком;троллейбус;самокат;телега
Назовите то, чем шуршат в кинотеатре;обертка;поп-корн;фантики;чипсы;одежда;билеты
Что можно положить в спагетти?;кетчуп;сыр;соус;мясо;макароны;масло
Кого приходится часто ловить?;мух;рыбу;преступника;вора;мышей;такси
Какая вещь чаще всего используется на кухне?;нож;кастрюля;ложка;сковорода;плита;тарелка
С какой птицей часто сравнивают человека?;орел;ворона;дятел;петух;курица;сокол
Всем известный человек из леса. Кто он?;леший;лесник;тарзан;дровосек;маугли;робин гуд
Что мешает колхознику получить высокий урожай?;погода;лень;водка;дождь;отсутствие техники;засуха
Кого звали Александром?;македонский;пушкин;невский;царя;матросов;гуревич
Кто из великих носил бороду?;маркс;толстой;менделеев;ленин;иван грозный;карабас барабас
Как звали очень известную старуху?;шапокляк;изергиль;баба яга;смерть;ведьма;процентщица
"Кому говорят: ""Поздравляю!""?";именинник;юбиляр;молодожены;роженица;друг;победитель
"С чем у вас ассоциируется слово ""мировой""?";океан;парень;судья;война;кризис;пролетариат
Назовите место, где легко дышится?;лес;горы;природа;море;свобода;улица
Что бы вы не хотели забыть, собираясь в баню?;веник;пиво;полотенце;мыло;мочалку;лыжи
"С какой фамилией ассоциируется слово ""товарищ""?";ленин;сталин;сухов;берия;брежнев;иванов
Что самое главное в аптечке?;бинт;йод;спирт;лекарства;зеленка;аспирин
Что может связывать двух людей?;любовь;дружба;брак;дети;наручники;веревка
Какой зверь сидит в клетке?;тигр;лев;обезьяна;медведь;дикий;белка
Назовите того, кому не обойтись без рукавиц?;деду мороз;дворник;строитель;сварщик;садовник;сталевар
Кто дает прогнозы?;синоптик;телевизор;гидрометцентр;метеоролог;астролог;политолог
Назовите то, о чем постоянно думал Штирлиц?;родина;радистка кэт;мюллер;жена;провал;шоколад
Кем был Робинзон Крузо?;путешественник;моряк;потерпевший кораблекрушение;врач;англичанин;отшельник
Что можно делать с дровами?;рубить;колоть;жечь;пилить;топить печь;буратин
Назовите то, чем чаще всего в своей работе пользуется электрик?;отвертка;плоскогубцы;провода;кусачки;лампочка;перчатки
Кому пишет письмо ребенок?;деду морозу;маме;бабушке;на деревню дедушке;родителям;другу
Без кого свадьбы не будет;невеста;жених;тамада;гости;генерал;свидетели
С какой фразы начинают письмо?;привет;здравствуйте;уважаемый;дорогой;добрый день;как поживаете
Назовите то, с чем едят пельмени.;сметана;масло;уксус;майонез;кетчуп;аппетит
С чем едят шашлык.;кетчуп;соус;вино;водка;хлеб;лук
Назовите то, что нужно для танца.;музыка;партнер;ноги;платье;умение;настроение
Что рисовал Айвазовский?;море;картины;девятый вал;шторм;пейзаж;природу
Что очень мешает в жизни кинозвезде?;слава;журналисты;поклонники;деньги;семья;лишний вес
Назовите то, по чему можно безошибочно угадать, что перед вами - военный?;форма;погоны;выправка;фуражка;голос;походка
Чем хорошо закусывать пиво?;вобла;рыба;раки;чипсы;орешки;креветки
